{
	"info": {
		"_postman_id": "0f9b9bc5-6f60-48f6-86e9-44032231110a",
		"name": "Todo Api",
		"schema": "https://schema.getpostman.com/json/collection/v2.1.0/collection.json"
	},
	"item": [
		{
			"name": "GET todos",
			"request": {
				"method": "GET",
				"header": [],
				"body": {
					"mode": "raw",
					"raw": ""
				},
				"url": {
					"raw": "{{base_url}}/todo",
					"host": [
						"{{base_url}}"
					],
					"path": [
						"todo"
					]
				}
			},
			"response": []
		},
		{
			"name": "POST todo",
			"request": {
				"method": "POST",
				"header": [
					{
						"key": "Content-Type",
						"name": "Content-Type",
						"value": "application/x-www-form-urlencoded",
						"type": "text"
					}
				],
				"body": {
					"mode": "urlencoded",
					"urlencoded": [
						{
							"key": "todo",
							"value": "{\"title\": \"Créer cette todo\", \"content\": \"Ça devrait être bon\", \"done\": false}",
							"type": "text"
						}
					]
				},
				"url": {
					"raw": "{{base_url}}/todo",
					"host": [
						"{{base_url}}"
					],
					"path": [
						"todo"
					]
				}
			},
			"response": []
		},
		{
			"name": "DELETE todo",
			"request": {
				"method": "DELETE",
				"header": [
					{
						"key": "Content-Type",
						"name": "Content-Type",
						"value": "application/x-www-form-urlencoded",
						"type": "text"
					}
				],
				"body": {
					"mode": "urlencoded",
					"urlencoded": [
						{
							"key": "id",
							"value": "fprmhum11z",
							"type": "text"
						}
					]
				},
				"url": {
					"raw": "{{base_url}}/todo",
					"host": [
						"{{base_url}}"
					],
					"path": [
						"todo"
					]
				}
			},
			"response": []
		},
		{
			"name": "GET todo",
			"request": {
				"method": "GET",
				"header": [],
				"body": {
					"mode": "raw",
					"raw": ""
				},
				"url": {
					"raw": "{{base_url}}/todo/i1fjp93yyz",
					"host": [
						"{{base_url}}"
					],
					"path": [
						"todo",
						"i1fjp93yyz"
					]
				}
			},
			"response": []
		},
		{
			"name": "UPDATE todo",
			"request": {
				"method": "PUT",
				"header": [
					{
						"key": "Content-Type",
						"name": "Content-Type",
						"value": "application/x-www-form-urlencoded",
						"type": "text"
					}
				],
				"body": {
					"mode": "urlencoded",
					"urlencoded": [
						{
							"key": "todo",
							"value": "{\"title\": \"Finir la piscine\",\"content\": \"Survivre jusqu'à la fin\",\"done\": true, \"id\": \"i1fjp93yyz\" }",
							"type": "text"
						}
					]
				},
				"url": {
					"raw": "{{base_url}}/todo/i1fjp93yyz",
					"host": [
						"{{base_url}}"
					],
					"path": [
						"todo",
						"i1fjp93yyz"
					]
				}
			},
			"response": []
		}
	],
	"event": [
		{
			"listen": "prerequest",
			"script": {
				"id": "9157780f-9ff5-4ec0-a30f-2e266d319b68",
				"type": "text/javascript",
				"exec": [
					""
				]
			}
		},
		{
			"listen": "test",
			"script": {
				"id": "082c4f4b-2996-4447-bbfd-d77e58e2c0a0",
				"type": "text/javascript",
				"exec": [
					""
				]
			}
		}
	],
	"variable": [
		{
			"id": "25135d99-e9b1-4bbe-baad-edc452ed07b5",
			"key": "base_url",
			"value": "http://localhost:3000/api/v1",
			"type": "string"
		}
	]
}